department_id,department_name,department_head,budget_code
1,Operations Team 1,Alex White,BDG-381-0001
2,Product Team 2,Morgan Brown,BDG-854-0002
3,Operations Team 3,Skyler White,BDG-658-0003
4,Sales Team 4,Quinn Moore,BDG-132-0004
5,IT Team 5,Jordan Davis,BDG-338-0005
6,Training Team 6,Quinn Smith,BDG-674-0006
7,HR Team 7,Reese Jackson,BDG-818-0007
8,Security Team 8,Avery Davis,BDG-559-0008
9,Data Analytics Team 9,Casey Smith,BDG-877-0009
10,Finance Team 10,Reese Moore,BDG-448-0010
11,Engineering Team 11,Taylor Davis,BDG-881-0011
12,Dealer Support Team 12,Jordan Johnson,BDG-489-0012
13,Operations Team 13,Riley Wilson,BDG-718-0013
14,Engineering Team 14,Alex White,BDG-570-0014
15,Security Team 15,Jordan Moore,BDG-180-0015
16,Security Team 16,Casey Jackson,BDG-733-0016
17,Business Intelligence Team 17,Quinn Davis,BDG-821-0017
18,Sales Team 18,Alex Jackson,BDG-333-0018
19,Compliance Team 19,Jordan Davis,BDG-987-0019
20,Operations Team 20,Avery Miller,BDG-564-0020
21,Business Intelligence Team 21,Taylor Wilson,BDG-463-0021
22,HR Team 22,Skyler Miller,BDG-818-0022
23,Sales Team 23,Quinn Jackson,BDG-275-0023
24,Security Team 24,Reese Davis,BDG-267-0024
25,Quality Assurance Team 25,Avery Miller,BDG-755-0025
26,Security Team 26,Morgan Jackson,BDG-432-0026
27,Marketing Team 27,Morgan Smith,BDG-924-0027
28,Dealer Support Team 28,Avery Miller,BDG-167-0028
29,HR Team 29,Quinn White,BDG-422-0029
30,HR Team 30,Skyler Taylor,BDG-505-0030
31,Quality Assurance Team 31,Taylor Miller,BDG-242-0031
32,Product Team 32,Reese Anderson,BDG-651-0032
33,Engineering Team 33,Reese Thomas,BDG-538-0033
34,Data Analytics Team 34,Avery Wilson,BDG-324-0034
35,Customer Service Team 35,Drew Taylor,BDG-193-0035
36,Marketing Team 36,Jordan Brown,BDG-742-0036
37,Finance Team 37,Skyler Moore,BDG-710-0037
38,Sales Team 38,Avery Moore,BDG-710-0038
39,Quality Assurance Team 39,Drew Miller,BDG-666-0039
40,IT Team 40,Skyler White,BDG-217-0040
41,Security Team 41,Casey Jackson,BDG-448-0041
42,Operations Team 42,Casey Moore,BDG-261-0042
43,Quality Assurance Team 43,Alex White,BDG-996-0043
44,Engineering Team 44,Drew Brown,BDG-619-0044
45,Operations Team 45,Skyler Miller,BDG-961-0045
46,Training Team 46,Quinn Davis,BDG-256-0046
47,Business Intelligence Team 47,Taylor Anderson,BDG-897-0047
48,Training Team 48,Alex Thomas,BDG-431-0048
49,Supply Chain Team 49,Alex Johnson,BDG-471-0049
50,Compliance Team 50,Morgan Smith,BDG-346-0050
51,Data Analytics Team 51,Jordan Johnson,BDG-849-0051
52,Supply Chain Team 52,Jordan Anderson,BDG-884-0052
53,Customer Service Team 53,Taylor Jackson,BDG-586-0053
54,Security Team 54,Taylor Miller,BDG-640-0054
55,Corporate Services Team 55,Avery Davis,BDG-652-0055
56,HR Team 56,Reese Miller,BDG-508-0056
57,Business Intelligence Team 57,Parker Anderson,BDG-562-0057
58,Operations Team 58,Morgan Davis,BDG-165-0058
59,Dealer Support Team 59,Alex Thomas,BDG-667-0059
60,Product Team 60,Quinn Davis,BDG-107-0060
61,Sales Team 61,Reese Jackson,BDG-160-0061
62,Product Team 62,Jordan Smith,BDG-980-0062
63,Dealer Support Team 63,Jordan Anderson,BDG-343-0063
64,Engineering Team 64,Skyler Taylor,BDG-319-0064
65,Security Team 65,Taylor White,BDG-684-0065
66,Data Analytics Team 66,Parker Davis,BDG-903-0066
67,Supply Chain Team 67,Avery Davis,BDG-196-0067
68,Operations Team 68,Skyler Moore,BDG-462-0068
69,Field Service Team 69,Avery Taylor,BDG-984-0069
70,Marketing Team 70,Skyler Jackson,BDG-761-0070
71,Operations Team 71,Alex Moore,BDG-845-0071
72,Dealer Support Team 72,Jordan Davis,BDG-296-0072
73,HR Team 73,Drew Taylor,BDG-243-0073
74,Field Service Team 74,Taylor Miller,BDG-573-0074
75,Product Team 75,Jordan Taylor,BDG-927-0075
76,Security Team 76,Jordan Smith,BDG-767-0076
77,Security Team 77,Alex Johnson,BDG-871-0077
78,Product Team 78,Taylor Moore,BDG-597-0078
79,Supply Chain Team 79,Morgan Moore,BDG-160-0079
80,Finance Team 80,Avery Smith,BDG-499-0080
81,Engineering Team 81,Parker Miller,BDG-533-0081
82,Security Team 82,Skyler White,BDG-598-0082
83,Customer Service Team 83,Morgan Miller,BDG-322-0083
84,Marketing Team 84,Quinn White,BDG-655-0084
85,Marketing Team 85,Reese Wilson,BDG-158-0085
86,Marketing Team 86,Quinn Taylor,BDG-614-0086
87,Training Team 87,Taylor Smith,BDG-620-0087
88,Sales Team 88,Taylor Johnson,BDG-709-0088
89,Sales Team 89,Skyler Davis,BDG-513-0089
90,Operations Team 90,Quinn Davis,BDG-692-0090
91,Corporate Services Team 91,Alex Thomas,BDG-183-0091
92,Field Service Team 92,Skyler Thomas,BDG-678-0092
93,Training Team 93,Riley Miller,BDG-309-0093
94,Dealer Support Team 94,Morgan Miller,BDG-505-0094
95,Customer Service Team 95,Skyler Jackson,BDG-407-0095
96,Quality Assurance Team 96,Riley Johnson,BDG-109-0096
97,Quality Assurance Team 97,Quinn Thomas,BDG-202-0097
98,Sales Team 98,Drew Davis,BDG-618-0098
99,Engineering Team 99,Taylor Wilson,BDG-170-0099
100,Product Team 100,Riley Miller,BDG-261-0100
101,Quality Assurance Team 101,Drew White,BDG-409-0101
102,Corporate Services Team 102,Skyler Anderson,BDG-108-0102
103,Security Team 103,Casey Jackson,BDG-206-0103
104,Customer Service Team 104,Casey Johnson,BDG-209-0104
105,Security Team 105,Taylor Miller,BDG-388-0105
106,Corporate Services Team 106,Morgan White,BDG-451-0106
107,HR Team 107,Skyler Jackson,BDG-973-0107
108,Engineering Team 108,Drew Taylor,BDG-357-0108
109,Marketing Team 109,Jordan Jackson,BDG-533-0109
110,Engineering Team 110,Alex Smith,BDG-441-0110
111,Customer Service Team 111,Skyler Miller,BDG-265-0111
112,Quality Assurance Team 112,Drew White,BDG-537-0112
113,Security Team 113,Alex Johnson,BDG-177-0113
114,Customer Service Team 114,Drew Smith,BDG-954-0114
115,Business Intelligence Team 115,Quinn Anderson,BDG-251-0115
116,Field Service Team 116,Taylor Smith,BDG-415-0116
117,Business Intelligence Team 117,Alex Wilson,BDG-315-0117
118,Product Team 118,Skyler Johnson,BDG-462-0118
119,Security Team 119,Avery Thomas,BDG-867-0119
120,Customer Service Team 120,Morgan Brown,BDG-919-0120
121,Finance Team 121,Avery Smith,BDG-283-0121
122,Dealer Support Team 122,Avery Jackson,BDG-984-0122
123,Product Team 123,Casey Brown,BDG-906-0123
124,Operations Team 124,Avery Smith,BDG-979-0124
125,Supply Chain Team 125,Morgan Davis,BDG-936-0125
126,Quality Assurance Team 126,Riley Miller,BDG-940-0126
127,Product Team 127,Morgan Smith,BDG-775-0127
128,HR Team 128,Avery Wilson,BDG-385-0128
129,Sales Team 129,Casey Wilson,BDG-756-0129
130,Training Team 130,Avery Jackson,BDG-963-0130
131,Security Team 131,Riley Smith,BDG-218-0131
132,Engineering Team 132,Taylor Thomas,BDG-371-0132
133,Marketing Team 133,Jordan Thomas,BDG-544-0133
134,Business Intelligence Team 134,Reese Wilson,BDG-546-0134
135,Corporate Services Team 135,Drew Johnson,BDG-494-0135
136,Data Analytics Team 136,Morgan Miller,BDG-145-0136
137,Field Service Team 137,Alex Anderson,BDG-925-0137
138,Security Team 138,Skyler White,BDG-859-0138
139,HR Team 139,Riley Moore,BDG-171-0139
140,Dealer Support Team 140,Quinn Wilson,BDG-779-0140
141,Operations Team 141,Reese Miller,BDG-619-0141
142,Compliance Team 142,Skyler Moore,BDG-434-0142
143,Ecommerce Team 143,Reese Miller,BDG-667-0143
144,Customer Service Team 144,Morgan Moore,BDG-780-0144
145,Ecommerce Team 145,Skyler White,BDG-278-0145
146,Corporate Services Team 146,Quinn Miller,BDG-515-0146
147,Security Team 147,Alex Miller,BDG-393-0147
148,HR Team 148,Avery Thomas,BDG-721-0148
149,Dealer Support Team 149,Parker Taylor,BDG-552-0149
150,HR Team 150,Drew Taylor,BDG-912-0150
151,Finance Team 151,Skyler Johnson,BDG-390-0151
152,Training Team 152,Skyler Jackson,BDG-734-0152
153,Dealer Support Team 153,Jordan Davis,BDG-788-0153
154,Compliance Team 154,Morgan Davis,BDG-250-0154
155,IT Team 155,Alex Davis,BDG-586-0155
156,Corporate Services Team 156,Jordan Taylor,BDG-524-0156
157,Data Analytics Team 157,Morgan White,BDG-813-0157
158,Ecommerce Team 158,Parker Moore,BDG-349-0158
159,Customer Service Team 159,Skyler White,BDG-105-0159
160,Operations Team 160,Avery Davis,BDG-280-0160
161,Training Team 161,Parker Smith,BDG-670-0161
162,Product Team 162,Jordan Taylor,BDG-236-0162
163,Quality Assurance Team 163,Skyler Anderson,BDG-672-0163
164,Corporate Services Team 164,Riley Taylor,BDG-727-0164
165,Training Team 165,Avery Anderson,BDG-556-0165
166,Finance Team 166,Reese Taylor,BDG-560-0166
167,Engineering Team 167,Morgan Jackson,BDG-383-0167
168,Training Team 168,Parker Jackson,BDG-344-0168
169,Engineering Team 169,Parker Johnson,BDG-830-0169
170,Compliance Team 170,Morgan Miller,BDG-443-0170
171,Dealer Support Team 171,Drew Johnson,BDG-241-0171
172,Customer Service Team 172,Morgan Moore,BDG-810-0172
173,Customer Service Team 173,Reese Davis,BDG-165-0173
174,Field Service Team 174,Avery Wilson,BDG-655-0174
175,Quality Assurance Team 175,Avery Smith,BDG-311-0175
176,Field Service Team 176,Avery Thomas,BDG-812-0176
177,IT Team 177,Quinn Moore,BDG-588-0177
178,IT Team 178,Riley Miller,BDG-871-0178
179,Ecommerce Team 179,Avery Anderson,BDG-865-0179
180,Security Team 180,Quinn Davis,BDG-599-0180
181,Product Team 181,Casey Moore,BDG-597-0181
182,IT Team 182,Avery Wilson,BDG-784-0182
183,Ecommerce Team 183,Reese Brown,BDG-960-0183
184,Quality Assurance Team 184,Taylor Thomas,BDG-646-0184
185,IT Team 185,Avery Thomas,BDG-677-0185
186,IT Team 186,Jordan Jackson,BDG-538-0186
187,Customer Service Team 187,Parker Brown,BDG-151-0187
188,Engineering Team 188,Avery Wilson,BDG-316-0188
189,Quality Assurance Team 189,Riley Wilson,BDG-879-0189
190,Ecommerce Team 190,Casey Moore,BDG-358-0190
191,Sales Team 191,Parker Smith,BDG-867-0191
192,Security Team 192,Alex Wilson,BDG-329-0192
193,Sales Team 193,Skyler Smith,BDG-872-0193
194,IT Team 194,Morgan Davis,BDG-959-0194
195,IT Team 195,Quinn Brown,BDG-344-0195
196,Customer Service Team 196,Parker Jackson,BDG-217-0196
197,Data Analytics Team 197,Morgan Taylor,BDG-816-0197
198,Engineering Team 198,Riley Brown,BDG-720-0198
199,Corporate Services Team 199,Reese White,BDG-217-0199
200,Finance Team 200,Casey Johnson,BDG-692-0200
201,IT Team 201,Casey Thomas,BDG-793-0201
202,Ecommerce Team 202,Avery White,BDG-303-0202
203,Sales Team 203,Quinn White,BDG-950-0203
204,Product Team 204,Jordan White,BDG-891-0204
205,Compliance Team 205,Skyler Thomas,BDG-924-0205
206,Operations Team 206,Quinn Smith,BDG-455-0206
207,Security Team 207,Avery Jackson,BDG-479-0207
208,Sales Team 208,Drew Jackson,BDG-449-0208
209,IT Team 209,Avery Taylor,BDG-208-0209
210,Field Service Team 210,Riley Jackson,BDG-948-0210
211,Quality Assurance Team 211,Reese Brown,BDG-545-0211
212,Finance Team 212,Reese Anderson,BDG-766-0212
213,Engineering Team 213,Quinn Anderson,BDG-893-0213
214,Supply Chain Team 214,Parker Moore,BDG-945-0214
215,Data Analytics Team 215,Casey Wilson,BDG-972-0215
216,Product Team 216,Jordan Miller,BDG-561-0216
217,Product Team 217,Parker Thomas,BDG-724-0217
218,Ecommerce Team 218,Riley Smith,BDG-606-0218
219,Dealer Support Team 219,Taylor Taylor,BDG-317-0219
220,Business Intelligence Team 220,Casey Wilson,BDG-386-0220
221,Corporate Services Team 221,Reese Miller,BDG-669-0221
222,IT Team 222,Drew Davis,BDG-187-0222
223,Product Team 223,Reese Moore,BDG-600-0223
224,Security Team 224,Morgan White,BDG-587-0224
225,Supply Chain Team 225,Parker Smith,BDG-195-0225
226,Compliance Team 226,Morgan Moore,BDG-808-0226
227,Product Team 227,Casey Jackson,BDG-695-0227
228,Business Intelligence Team 228,Parker Anderson,BDG-643-0228
229,Business Intelligence Team 229,Avery White,BDG-663-0229
230,Dealer Support Team 230,Riley White,BDG-564-0230
231,Engineering Team 231,Casey Miller,BDG-336-0231
232,Operations Team 232,Reese Davis,BDG-423-0232
233,Operations Team 233,Reese Anderson,BDG-880-0233
234,Finance Team 234,Morgan Davis,BDG-856-0234
235,Supply Chain Team 235,Casey White,BDG-703-0235
236,Training Team 236,Quinn Miller,BDG-202-0236
237,HR Team 237,Casey Davis,BDG-469-0237
238,Finance Team 238,Casey Smith,BDG-825-0238
239,Security Team 239,Taylor Miller,BDG-146-0239
240,Marketing Team 240,Drew Miller,BDG-814-0240
241,Customer Service Team 241,Skyler Taylor,BDG-205-0241
242,IT Team 242,Quinn Miller,BDG-580-0242
243,Supply Chain Team 243,Parker Wilson,BDG-288-0243
244,Marketing Team 244,Casey Taylor,BDG-216-0244
245,Sales Team 245,Avery Taylor,BDG-175-0245
246,Data Analytics Team 246,Skyler Jackson,BDG-154-0246
247,Customer Service Team 247,Taylor Thomas,BDG-411-0247
248,Sales Team 248,Morgan Johnson,BDG-671-0248
249,Field Service Team 249,Quinn Thomas,BDG-909-0249
250,Corporate Services Team 250,Morgan Anderson,BDG-489-0250
251,Quality Assurance Team 251,Parker Miller,BDG-980-0251
252,Data Analytics Team 252,Avery Miller,BDG-682-0252
253,Corporate Services Team 253,Alex Thomas,BDG-857-0253
254,Operations Team 254,Morgan Jackson,BDG-316-0254
255,Engineering Team 255,Skyler Johnson,BDG-260-0255
256,Product Team 256,Taylor Anderson,BDG-176-0256
257,Finance Team 257,Alex Moore,BDG-561-0257
258,Corporate Services Team 258,Parker Miller,BDG-133-0258
259,Product Team 259,Casey White,BDG-389-0259
260,Quality Assurance Team 260,Jordan Jackson,BDG-339-0260
261,Engineering Team 261,Skyler Thomas,BDG-777-0261
262,HR Team 262,Avery Johnson,BDG-657-0262
263,Product Team 263,Skyler Brown,BDG-372-0263
264,Customer Service Team 264,Jordan Smith,BDG-269-0264
265,Compliance Team 265,Quinn White,BDG-944-0265
266,Data Analytics Team 266,Casey Taylor,BDG-227-0266
267,Quality Assurance Team 267,Reese Miller,BDG-816-0267
268,Ecommerce Team 268,Casey Anderson,BDG-652-0268
269,Supply Chain Team 269,Parker Johnson,BDG-712-0269
270,Marketing Team 270,Avery White,BDG-430-0270
271,Corporate Services Team 271,Casey Smith,BDG-193-0271
272,Product Team 272,Skyler Thomas,BDG-701-0272
273,IT Team 273,Skyler Miller,BDG-690-0273
274,Marketing Team 274,Taylor Taylor,BDG-631-0274
275,Quality Assurance Team 275,Casey Brown,BDG-699-0275
276,Field Service Team 276,Skyler Taylor,BDG-193-0276
277,Supply Chain Team 277,Riley Moore,BDG-441-0277
278,Dealer Support Team 278,Skyler Johnson,BDG-978-0278
279,Finance Team 279,Riley Moore,BDG-810-0279
280,Supply Chain Team 280,Casey Jackson,BDG-510-0280
281,Security Team 281,Alex Taylor,BDG-190-0281
282,Dealer Support Team 282,Casey Wilson,BDG-218-0282
283,Ecommerce Team 283,Drew Smith,BDG-773-0283
284,Security Team 284,Parker Moore,BDG-155-0284
285,HR Team 285,Drew Wilson,BDG-737-0285
286,Supply Chain Team 286,Skyler Taylor,BDG-878-0286
287,Marketing Team 287,Morgan Miller,BDG-662-0287
288,Customer Service Team 288,Casey Taylor,BDG-815-0288
289,Supply Chain Team 289,Jordan Smith,BDG-745-0289
290,Corporate Services Team 290,Morgan White,BDG-262-0290
291,Compliance Team 291,Drew Smith,BDG-665-0291
292,Field Service Team 292,Jordan Davis,BDG-961-0292
293,Operations Team 293,Parker Johnson,BDG-763-0293
294,Customer Service Team 294,Parker White,BDG-398-0294
295,Training Team 295,Reese Miller,BDG-525-0295
296,Supply Chain Team 296,Parker Davis,BDG-567-0296
297,Security Team 297,Taylor Moore,BDG-295-0297
298,Corporate Services Team 298,Drew White,BDG-239-0298
299,Sales Team 299,Casey Moore,BDG-448-0299
300,Training Team 300,Casey Smith,BDG-389-0300
301,Compliance Team 301,Quinn Thomas,BDG-775-0301
302,Supply Chain Team 302,Taylor Taylor,BDG-651-0302
303,Supply Chain Team 303,Riley Wilson,BDG-665-0303
304,Security Team 304,Avery Taylor,BDG-429-0304
305,HR Team 305,Reese Davis,BDG-685-0305
306,Ecommerce Team 306,Morgan Moore,BDG-144-0306
307,Dealer Support Team 307,Reese Taylor,BDG-822-0307
308,Ecommerce Team 308,Avery Jackson,BDG-911-0308
309,Customer Service Team 309,Parker Smith,BDG-229-0309
310,Training Team 310,Quinn Wilson,BDG-990-0310
311,Operations Team 311,Parker Johnson,BDG-638-0311
312,Quality Assurance Team 312,Alex White,BDG-247-0312
313,Field Service Team 313,Skyler Brown,BDG-176-0313
314,Supply Chain Team 314,Casey Wilson,BDG-738-0314
315,Ecommerce Team 315,Skyler Johnson,BDG-972-0315
316,Dealer Support Team 316,Skyler Anderson,BDG-489-0316
317,Dealer Support Team 317,Skyler White,BDG-877-0317
318,Supply Chain Team 318,Drew Smith,BDG-732-0318
319,Sales Team 319,Morgan Jackson,BDG-800-0319
320,Compliance Team 320,Morgan White,BDG-192-0320
321,Field Service Team 321,Jordan Jackson,BDG-820-0321
322,Operations Team 322,Parker Brown,BDG-810-0322
323,Compliance Team 323,Alex Smith,BDG-432-0323
324,Marketing Team 324,Casey Wilson,BDG-483-0324
325,Field Service Team 325,Taylor Davis,BDG-643-0325
326,Field Service Team 326,Quinn Jackson,BDG-911-0326
327,Finance Team 327,Taylor Brown,BDG-180-0327
328,Corporate Services Team 328,Avery Thomas,BDG-799-0328
329,Product Team 329,Parker Thomas,BDG-246-0329
330,Product Team 330,Parker Jackson,BDG-360-0330
331,Quality Assurance Team 331,Casey Jackson,BDG-109-0331
332,Quality Assurance Team 332,Casey Jackson,BDG-659-0332
333,Finance Team 333,Jordan Taylor,BDG-453-0333
334,Data Analytics Team 334,Casey Jackson,BDG-534-0334
335,Engineering Team 335,Parker Miller,BDG-303-0335
336,Ecommerce Team 336,Parker Johnson,BDG-342-0336
337,Ecommerce Team 337,Quinn Wilson,BDG-688-0337
338,Compliance Team 338,Reese Miller,BDG-122-0338
339,Ecommerce Team 339,Casey Smith,BDG-679-0339
340,Marketing Team 340,Quinn White,BDG-608-0340
341,Compliance Team 341,Morgan Thomas,BDG-921-0341
342,Business Intelligence Team 342,Morgan Jackson,BDG-294-0342
343,Corporate Services Team 343,Casey Jackson,BDG-873-0343
344,Customer Service Team 344,Skyler Johnson,BDG-742-0344
345,Marketing Team 345,Casey Taylor,BDG-134-0345
346,Data Analytics Team 346,Riley White,BDG-234-0346
347,Sales Team 347,Casey Wilson,BDG-865-0347
348,Field Service Team 348,Taylor Davis,BDG-235-0348
349,Security Team 349,Riley Anderson,BDG-613-0349
350,Engineering Team 350,Taylor Miller,BDG-944-0350
351,Supply Chain Team 351,Casey White,BDG-991-0351
352,Dealer Support Team 352,Jordan Taylor,BDG-177-0352
353,Customer Service Team 353,Morgan Jackson,BDG-841-0353
354,Ecommerce Team 354,Drew Wilson,BDG-192-0354
355,Ecommerce Team 355,Alex Miller,BDG-649-0355
356,Operations Team 356,Parker Wilson,BDG-788-0356
357,Engineering Team 357,Quinn Moore,BDG-942-0357
358,Business Intelligence Team 358,Jordan Jackson,BDG-339-0358
359,Supply Chain Team 359,Alex Thomas,BDG-674-0359
360,Dealer Support Team 360,Quinn Davis,BDG-763-0360
361,Sales Team 361,Skyler Taylor,BDG-817-0361
362,Compliance Team 362,Skyler Moore,BDG-219-0362
363,Customer Service Team 363,Alex Smith,BDG-411-0363
364,Supply Chain Team 364,Jordan Johnson,BDG-340-0364
365,Security Team 365,Taylor Moore,BDG-564-0365
366,Business Intelligence Team 366,Skyler White,BDG-813-0366
367,Security Team 367,Avery Thomas,BDG-860-0367
368,Customer Service Team 368,Avery Jackson,BDG-201-0368
369,Supply Chain Team 369,Quinn Moore,BDG-386-0369
370,Marketing Team 370,Reese Wilson,BDG-322-0370
371,Quality Assurance Team 371,Parker Davis,BDG-975-0371
372,Business Intelligence Team 372,Jordan Jackson,BDG-476-0372
373,Security Team 373,Skyler Wilson,BDG-162-0373
374,Ecommerce Team 374,Casey Davis,BDG-225-0374
375,Quality Assurance Team 375,Jordan Jackson,BDG-317-0375
376,Corporate Services Team 376,Alex Smith,BDG-905-0376
377,Dealer Support Team 377,Morgan Brown,BDG-905-0377
378,Data Analytics Team 378,Morgan Johnson,BDG-949-0378
379,Security Team 379,Morgan Thomas,BDG-321-0379
380,Product Team 380,Riley Brown,BDG-907-0380
381,Corporate Services Team 381,Alex Miller,BDG-979-0381
382,Customer Service Team 382,Taylor Anderson,BDG-356-0382
383,Finance Team 383,Jordan Jackson,BDG-987-0383
384,IT Team 384,Taylor Smith,BDG-466-0384
385,Product Team 385,Quinn Wilson,BDG-116-0385
386,Finance Team 386,Casey Smith,BDG-229-0386
387,Field Service Team 387,Drew Johnson,BDG-863-0387
388,Sales Team 388,Parker Taylor,BDG-896-0388
389,Business Intelligence Team 389,Drew Thomas,BDG-211-0389
390,Quality Assurance Team 390,Drew Davis,BDG-729-0390
391,Marketing Team 391,Reese Jackson,BDG-633-0391
392,Compliance Team 392,Parker Jackson,BDG-131-0392
393,Marketing Team 393,Parker Moore,BDG-536-0393
394,Operations Team 394,Parker White,BDG-554-0394
395,Sales Team 395,Jordan Wilson,BDG-722-0395
396,Customer Service Team 396,Jordan Brown,BDG-381-0396
397,Corporate Services Team 397,Skyler Thomas,BDG-661-0397
398,Dealer Support Team 398,Avery Thomas,BDG-643-0398
399,Compliance Team 399,Parker Anderson,BDG-719-0399
400,Field Service Team 400,Jordan White,BDG-217-0400
401,Security Team 401,Reese Davis,BDG-540-0401
402,Quality Assurance Team 402,Morgan Moore,BDG-447-0402
403,Quality Assurance Team 403,Avery Moore,BDG-847-0403
404,Operations Team 404,Riley Moore,BDG-420-0404
405,Engineering Team 405,Riley Brown,BDG-803-0405
406,Supply Chain Team 406,Jordan Johnson,BDG-951-0406
407,Sales Team 407,Jordan Moore,BDG-198-0407
408,Business Intelligence Team 408,Taylor Anderson,BDG-161-0408
409,Data Analytics Team 409,Drew Anderson,BDG-437-0409
410,Operations Team 410,Avery Wilson,BDG-994-0410
411,Field Service Team 411,Reese Smith,BDG-394-0411
412,Corporate Services Team 412,Casey Wilson,BDG-206-0412
413,Data Analytics Team 413,Drew Davis,BDG-258-0413
414,Supply Chain Team 414,Morgan Johnson,BDG-458-0414
415,Security Team 415,Riley Johnson,BDG-880-0415
416,Engineering Team 416,Quinn Davis,BDG-926-0416
417,Field Service Team 417,Drew Thomas,BDG-728-0417
418,Security Team 418,Alex Thomas,BDG-773-0418
419,Engineering Team 419,Alex Brown,BDG-379-0419
420,Compliance Team 420,Riley Wilson,BDG-106-0420
421,Finance Team 421,Taylor Thomas,BDG-773-0421
422,Ecommerce Team 422,Jordan Brown,BDG-858-0422
423,IT Team 423,Jordan White,BDG-643-0423
424,HR Team 424,Avery Moore,BDG-564-0424
425,Dealer Support Team 425,Taylor Wilson,BDG-419-0425
426,Dealer Support Team 426,Quinn Thomas,BDG-186-0426
427,Marketing Team 427,Taylor Brown,BDG-872-0427
428,Corporate Services Team 428,Alex Jackson,BDG-183-0428
429,Engineering Team 429,Parker Jackson,BDG-534-0429
430,Supply Chain Team 430,Quinn Taylor,BDG-524-0430
431,Engineering Team 431,Morgan Anderson,BDG-216-0431
432,Business Intelligence Team 432,Avery Johnson,BDG-390-0432
433,Data Analytics Team 433,Parker Anderson,BDG-783-0433
434,Compliance Team 434,Alex Davis,BDG-504-0434
435,Corporate Services Team 435,Alex Smith,BDG-309-0435
436,Compliance Team 436,Morgan Brown,BDG-882-0436
437,Engineering Team 437,Casey Wilson,BDG-222-0437
438,IT Team 438,Parker White,BDG-540-0438
439,Finance Team 439,Taylor Moore,BDG-645-0439
440,Product Team 440,Drew Anderson,BDG-953-0440
441,Business Intelligence Team 441,Jordan Moore,BDG-982-0441
442,Marketing Team 442,Avery Smith,BDG-570-0442
443,Sales Team 443,Riley Thomas,BDG-539-0443
444,Data Analytics Team 444,Avery White,BDG-755-0444
445,Field Service Team 445,Casey Johnson,BDG-514-0445
446,IT Team 446,Riley Brown,BDG-920-0446
447,Corporate Services Team 447,Parker White,BDG-470-0447
448,Sales Team 448,Avery Johnson,BDG-349-0448
449,Field Service Team 449,Quinn Moore,BDG-636-0449
450,Sales Team 450,Avery Miller,BDG-863-0450
451,Dealer Support Team 451,Morgan Wilson,BDG-897-0451
452,Finance Team 452,Jordan Anderson,BDG-748-0452
453,Operations Team 453,Drew Anderson,BDG-298-0453
454,Business Intelligence Team 454,Riley White,BDG-938-0454
455,Customer Service Team 455,Morgan Johnson,BDG-249-0455
456,Engineering Team 456,Morgan Brown,BDG-716-0456
457,Customer Service Team 457,Skyler Johnson,BDG-281-0457
458,Supply Chain Team 458,Parker Thomas,BDG-878-0458
459,Data Analytics Team 459,Parker Jackson,BDG-678-0459
460,Corporate Services Team 460,Riley Jackson,BDG-423-0460
461,Customer Service Team 461,Parker Johnson,BDG-580-0461
462,Quality Assurance Team 462,Skyler Miller,BDG-915-0462
463,Engineering Team 463,Quinn Smith,BDG-460-0463
464,Training Team 464,Jordan Miller,BDG-572-0464
465,Quality Assurance Team 465,Alex Smith,BDG-477-0465
466,Compliance Team 466,Jordan Jackson,BDG-984-0466
467,Sales Team 467,Quinn Thomas,BDG-619-0467
468,Ecommerce Team 468,Parker Thomas,BDG-667-0468
469,Marketing Team 469,Parker Thomas,BDG-767-0469
470,HR Team 470,Riley Thomas,BDG-587-0470
471,Training Team 471,Taylor Smith,BDG-561-0471
472,Operations Team 472,Riley White,BDG-186-0472
473,Training Team 473,Skyler Brown,BDG-140-0473
474,Product Team 474,Reese Taylor,BDG-549-0474
475,Training Team 475,Drew Thomas,BDG-262-0475
476,Business Intelligence Team 476,Riley Miller,BDG-496-0476
477,Field Service Team 477,Riley Jackson,BDG-712-0477
478,Marketing Team 478,Skyler Jackson,BDG-442-0478
479,Sales Team 479,Riley Johnson,BDG-671-0479
480,Ecommerce Team 480,Casey Miller,BDG-841-0480
481,Corporate Services Team 481,Taylor Wilson,BDG-183-0481
482,Data Analytics Team 482,Skyler Brown,BDG-458-0482
483,Compliance Team 483,Skyler White,BDG-778-0483
484,Ecommerce Team 484,Taylor Thomas,BDG-825-0484
485,Sales Team 485,Casey Anderson,BDG-485-0485
486,Dealer Support Team 486,Taylor Jackson,BDG-819-0486
487,Training Team 487,Jordan Jackson,BDG-786-0487
488,Field Service Team 488,Drew Wilson,BDG-118-0488
489,Business Intelligence Team 489,Casey Brown,BDG-319-0489
490,Dealer Support Team 490,Parker Davis,BDG-331-0490
491,Customer Service Team 491,Taylor Johnson,BDG-402-0491
492,Operations Team 492,Drew Anderson,BDG-955-0492
493,Training Team 493,Alex Jackson,BDG-444-0493
494,Corporate Services Team 494,Taylor Thomas,BDG-485-0494
495,Customer Service Team 495,Taylor Brown,BDG-951-0495
496,Corporate Services Team 496,Taylor White,BDG-548-0496
497,Marketing Team 497,Avery Wilson,BDG-792-0497
498,Product Team 498,Parker Thomas,BDG-391-0498
499,Quality Assurance Team 499,Morgan Anderson,BDG-344-0499
500,Compliance Team 500,Parker Davis,BDG-476-0500
501,Data Analytics Team 501,Parker Taylor,BDG-887-0501
502,Compliance Team 502,Avery Anderson,BDG-640-0502
503,Field Service Team 503,Taylor Davis,BDG-920-0503
504,Corporate Services Team 504,Taylor Miller,BDG-153-0504
505,Supply Chain Team 505,Riley Anderson,BDG-205-0505
506,Training Team 506,Jordan Miller,BDG-185-0506
507,Finance Team 507,Casey Taylor,BDG-625-0507
508,Customer Service Team 508,Avery Johnson,BDG-327-0508
509,Quality Assurance Team 509,Riley Smith,BDG-524-0509
510,Marketing Team 510,Avery Anderson,BDG-482-0510
511,Product Team 511,Avery Johnson,BDG-483-0511
512,Product Team 512,Alex Wilson,BDG-201-0512
513,Dealer Support Team 513,Taylor Brown,BDG-139-0513
514,Compliance Team 514,Parker White,BDG-951-0514
515,Customer Service Team 515,Reese Taylor,BDG-559-0515
516,Corporate Services Team 516,Alex Johnson,BDG-119-0516
517,Engineering Team 517,Morgan Brown,BDG-661-0517
518,Corporate Services Team 518,Drew Moore,BDG-213-0518
519,Compliance Team 519,Morgan Miller,BDG-224-0519
520,Marketing Team 520,Morgan Moore,BDG-754-0520
521,Corporate Services Team 521,Parker Johnson,BDG-213-0521
522,Supply Chain Team 522,Quinn Anderson,BDG-116-0522
523,Training Team 523,Quinn Davis,BDG-835-0523
524,Customer Service Team 524,Casey Moore,BDG-101-0524
525,Corporate Services Team 525,Riley Davis,BDG-684-0525
526,Field Service Team 526,Taylor Jackson,BDG-784-0526
527,Sales Team 527,Drew Wilson,BDG-169-0527
528,Training Team 528,Drew Anderson,BDG-905-0528
529,Training Team 529,Drew Smith,BDG-499-0529
530,Supply Chain Team 530,Alex Jackson,BDG-496-0530
531,Business Intelligence Team 531,Casey White,BDG-116-0531
532,Business Intelligence Team 532,Jordan Wilson,BDG-346-0532
533,Operations Team 533,Quinn White,BDG-874-0533
534,Dealer Support Team 534,Taylor Smith,BDG-460-0534
535,Security Team 535,Riley Jackson,BDG-279-0535
536,Quality Assurance Team 536,Reese Taylor,BDG-746-0536
537,Finance Team 537,Taylor Johnson,BDG-833-0537
538,Quality Assurance Team 538,Alex Miller,BDG-306-0538
539,Marketing Team 539,Morgan Smith,BDG-423-0539
540,Compliance Team 540,Drew Moore,BDG-934-0540
541,Security Team 541,Parker Miller,BDG-137-0541
542,HR Team 542,Casey Wilson,BDG-982-0542
543,Marketing Team 543,Skyler Wilson,BDG-379-0543
544,Operations Team 544,Riley Moore,BDG-509-0544
545,Quality Assurance Team 545,Avery Wilson,BDG-291-0545
546,Supply Chain Team 546,Reese Taylor,BDG-476-0546
547,Training Team 547,Casey Johnson,BDG-844-0547
548,Field Service Team 548,Jordan Moore,BDG-716-0548
549,Finance Team 549,Drew Miller,BDG-428-0549
550,Operations Team 550,Jordan Wilson,BDG-776-0550
551,Compliance Team 551,Casey Taylor,BDG-717-0551
552,Field Service Team 552,Taylor White,BDG-554-0552
553,Business Intelligence Team 553,Parker Smith,BDG-844-0553
554,Business Intelligence Team 554,Quinn Moore,BDG-381-0554
555,Marketing Team 555,Jordan Jackson,BDG-752-0555
556,Ecommerce Team 556,Riley Anderson,BDG-920-0556
557,Finance Team 557,Alex Brown,BDG-969-0557
558,Corporate Services Team 558,Skyler Taylor,BDG-135-0558
559,Customer Service Team 559,Jordan Davis,BDG-897-0559
560,Business Intelligence Team 560,Riley Moore,BDG-680-0560
561,Marketing Team 561,Quinn Brown,BDG-795-0561
562,Quality Assurance Team 562,Riley Wilson,BDG-554-0562
563,Sales Team 563,Quinn Brown,BDG-642-0563
564,Business Intelligence Team 564,Avery Wilson,BDG-765-0564
565,Engineering Team 565,Morgan Johnson,BDG-126-0565
566,Finance Team 566,Parker Anderson,BDG-496-0566
567,Security Team 567,Jordan Miller,BDG-893-0567
568,Engineering Team 568,Reese Taylor,BDG-319-0568
569,Corporate Services Team 569,Casey White,BDG-602-0569
570,HR Team 570,Jordan Brown,BDG-973-0570
571,Sales Team 571,Parker Brown,BDG-830-0571
572,Quality Assurance Team 572,Jordan Jackson,BDG-965-0572
573,Dealer Support Team 573,Skyler Wilson,BDG-826-0573
574,Sales Team 574,Drew Anderson,BDG-397-0574
575,Compliance Team 575,Taylor White,BDG-826-0575
576,Finance Team 576,Riley Anderson,BDG-329-0576
577,Operations Team 577,Morgan Brown,BDG-342-0577
578,Supply Chain Team 578,Alex Wilson,BDG-667-0578
579,Data Analytics Team 579,Riley Taylor,BDG-922-0579
580,Security Team 580,Taylor Thomas,BDG-188-0580
581,Sales Team 581,Casey Moore,BDG-834-0581
582,Supply Chain Team 582,Drew Moore,BDG-887-0582
583,Field Service Team 583,Quinn Johnson,BDG-228-0583
584,Dealer Support Team 584,Skyler Johnson,BDG-560-0584
585,Quality Assurance Team 585,Skyler Anderson,BDG-452-0585
586,Customer Service Team 586,Drew Jackson,BDG-701-0586
587,Finance Team 587,Taylor Moore,BDG-614-0587
588,Marketing Team 588,Jordan Anderson,BDG-256-0588
589,Compliance Team 589,Taylor Brown,BDG-430-0589
590,Product Team 590,Riley Anderson,BDG-390-0590
591,Sales Team 591,Casey Davis,BDG-750-0591
592,Security Team 592,Casey Brown,BDG-740-0592
593,Compliance Team 593,Quinn Anderson,BDG-195-0593
594,Training Team 594,Skyler Brown,BDG-706-0594
595,Data Analytics Team 595,Taylor Brown,BDG-774-0595
596,Corporate Services Team 596,Reese Thomas,BDG-445-0596
597,Data Analytics Team 597,Alex Smith,BDG-183-0597
598,Marketing Team 598,Skyler Thomas,BDG-371-0598
599,HR Team 599,Quinn Moore,BDG-732-0599
600,IT Team 600,Parker Jackson,BDG-658-0600
601,Compliance Team 601,Skyler Miller,BDG-594-0601
602,Product Team 602,Skyler Moore,BDG-404-0602
603,Quality Assurance Team 603,Jordan White,BDG-161-0603
604,Finance Team 604,Parker Moore,BDG-595-0604
605,Quality Assurance Team 605,Morgan Wilson,BDG-721-0605
606,Customer Service Team 606,Riley White,BDG-426-0606
607,Business Intelligence Team 607,Avery Brown,BDG-878-0607
608,Business Intelligence Team 608,Drew Anderson,BDG-208-0608
609,Dealer Support Team 609,Morgan Taylor,BDG-225-0609
610,Engineering Team 610,Parker Davis,BDG-244-0610
611,Operations Team 611,Alex Miller,BDG-493-0611
612,Corporate Services Team 612,Avery Davis,BDG-986-0612
613,Finance Team 613,Riley Thomas,BDG-838-0613
614,Dealer Support Team 614,Morgan Brown,BDG-610-0614
615,Training Team 615,Parker Taylor,BDG-415-0615
616,Supply Chain Team 616,Alex Johnson,BDG-502-0616
617,Training Team 617,Parker Davis,BDG-320-0617
618,Data Analytics Team 618,Riley Smith,BDG-151-0618
619,Compliance Team 619,Parker Thomas,BDG-963-0619
620,Supply Chain Team 620,Casey Anderson,BDG-108-0620
621,Operations Team 621,Avery Brown,BDG-370-0621
622,Business Intelligence Team 622,Avery Wilson,BDG-146-0622
623,Ecommerce Team 623,Alex Thomas,BDG-675-0623
624,HR Team 624,Riley Anderson,BDG-395-0624
625,Sales Team 625,Avery Anderson,BDG-561-0625
626,Security Team 626,Casey Thomas,BDG-796-0626
627,Corporate Services Team 627,Jordan Brown,BDG-199-0627
628,Ecommerce Team 628,Riley Wilson,BDG-671-0628
629,Business Intelligence Team 629,Taylor Davis,BDG-716-0629
630,Training Team 630,Avery Anderson,BDG-141-0630
631,Marketing Team 631,Alex Brown,BDG-830-0631
632,Dealer Support Team 632,Parker Anderson,BDG-567-0632
633,Customer Service Team 633,Quinn Anderson,BDG-243-0633
634,Dealer Support Team 634,Quinn Wilson,BDG-266-0634
635,Ecommerce Team 635,Quinn White,BDG-962-0635
636,Compliance Team 636,Quinn Wilson,BDG-619-0636
637,Training Team 637,Drew Taylor,BDG-825-0637
638,Data Analytics Team 638,Casey Taylor,BDG-935-0638
639,IT Team 639,Riley Wilson,BDG-789-0639
640,Operations Team 640,Avery Thomas,BDG-415-0640
641,IT Team 641,Quinn Taylor,BDG-371-0641
642,Data Analytics Team 642,Quinn Davis,BDG-838-0642
643,Marketing Team 643,Quinn Taylor,BDG-274-0643
644,Training Team 644,Skyler White,BDG-734-0644
645,Ecommerce Team 645,Taylor Jackson,BDG-348-0645
646,Marketing Team 646,Quinn White,BDG-212-0646
647,HR Team 647,Alex Taylor,BDG-421-0647
648,Field Service Team 648,Taylor Moore,BDG-807-0648
649,HR Team 649,Avery Anderson,BDG-893-0649
650,Corporate Services Team 650,Parker White,BDG-844-0650
651,Marketing Team 651,Reese Brown,BDG-631-0651
652,HR Team 652,Drew Wilson,BDG-778-0652
653,Supply Chain Team 653,Drew Moore,BDG-421-0653
654,Finance Team 654,Parker Anderson,BDG-450-0654
655,Security Team 655,Riley Jackson,BDG-890-0655
656,Engineering Team 656,Quinn Taylor,BDG-296-0656
657,Product Team 657,Casey Anderson,BDG-405-0657
658,Product Team 658,Casey Miller,BDG-821-0658
659,HR Team 659,Reese White,BDG-600-0659
660,Dealer Support Team 660,Parker Wilson,BDG-673-0660
661,Engineering Team 661,Casey Johnson,BDG-687-0661
662,Security Team 662,Avery Moore,BDG-938-0662
663,Business Intelligence Team 663,Taylor Miller,BDG-143-0663
664,Compliance Team 664,Reese Johnson,BDG-454-0664
665,Quality Assurance Team 665,Skyler Miller,BDG-865-0665
666,Supply Chain Team 666,Morgan Davis,BDG-947-0666
667,Security Team 667,Casey Anderson,BDG-812-0667
668,Engineering Team 668,Taylor Johnson,BDG-730-0668
669,Data Analytics Team 669,Morgan Davis,BDG-151-0669
670,Training Team 670,Morgan Jackson,BDG-338-0670
671,Marketing Team 671,Jordan Moore,BDG-438-0671
672,Supply Chain Team 672,Jordan Jackson,BDG-889-0672
673,Customer Service Team 673,Alex Anderson,BDG-261-0673
674,Field Service Team 674,Skyler Taylor,BDG-588-0674
675,HR Team 675,Casey Wilson,BDG-392-0675
676,Marketing Team 676,Jordan Jackson,BDG-687-0676
677,Product Team 677,Drew White,BDG-840-0677
678,Marketing Team 678,Taylor Moore,BDG-957-0678
679,Finance Team 679,Alex Moore,BDG-906-0679
680,Supply Chain Team 680,Taylor White,BDG-993-0680
681,Compliance Team 681,Alex Smith,BDG-405-0681
682,Data Analytics Team 682,Quinn Johnson,BDG-443-0682
683,Compliance Team 683,Parker Jackson,BDG-656-0683
684,Training Team 684,Parker Brown,BDG-971-0684
685,Training Team 685,Parker Miller,BDG-297-0685
686,Operations Team 686,Riley Brown,BDG-848-0686
687,Quality Assurance Team 687,Skyler Miller,BDG-835-0687
688,Finance Team 688,Alex White,BDG-445-0688
689,Compliance Team 689,Quinn Jackson,BDG-875-0689
690,HR Team 690,Taylor Thomas,BDG-976-0690
691,Ecommerce Team 691,Avery Anderson,BDG-435-0691
692,Sales Team 692,Avery Jackson,BDG-197-0692
693,Finance Team 693,Taylor Taylor,BDG-431-0693
694,Product Team 694,Alex Miller,BDG-492-0694
695,Product Team 695,Parker Miller,BDG-437-0695
696,Compliance Team 696,Quinn White,BDG-686-0696
697,IT Team 697,Casey Jackson,BDG-468-0697
698,Product Team 698,Alex Jackson,BDG-221-0698
699,Quality Assurance Team 699,Casey Brown,BDG-515-0699
700,Training Team 700,Reese Miller,BDG-806-0700
701,Operations Team 701,Skyler Miller,BDG-476-0701
702,Corporate Services Team 702,Morgan Davis,BDG-236-0702
703,Supply Chain Team 703,Taylor Taylor,BDG-865-0703
704,Corporate Services Team 704,Riley Moore,BDG-818-0704
705,Security Team 705,Parker Anderson,BDG-921-0705
706,HR Team 706,Morgan Jackson,BDG-872-0706
707,Corporate Services Team 707,Jordan Anderson,BDG-557-0707
708,Training Team 708,Reese Wilson,BDG-179-0708
709,Data Analytics Team 709,Jordan Smith,BDG-948-0709
710,Security Team 710,Drew Davis,BDG-686-0710
711,Security Team 711,Taylor Brown,BDG-435-0711
712,Training Team 712,Parker Johnson,BDG-796-0712
713,HR Team 713,Reese Thomas,BDG-600-0713
714,Sales Team 714,Drew Taylor,BDG-928-0714
715,Marketing Team 715,Parker Brown,BDG-625-0715
716,Field Service Team 716,Parker Thomas,BDG-159-0716
717,Security Team 717,Parker Jackson,BDG-926-0717
718,Compliance Team 718,Reese Smith,BDG-505-0718
719,Engineering Team 719,Alex White,BDG-323-0719
720,Data Analytics Team 720,Jordan Smith,BDG-533-0720
721,Business Intelligence Team 721,Reese Johnson,BDG-654-0721
722,Marketing Team 722,Jordan Taylor,BDG-132-0722
723,Compliance Team 723,Avery Brown,BDG-887-0723
724,Customer Service Team 724,Skyler White,BDG-761-0724
725,Field Service Team 725,Riley Moore,BDG-559-0725
726,Ecommerce Team 726,Avery Johnson,BDG-799-0726
727,Security Team 727,Taylor Jackson,BDG-980-0727
728,Business Intelligence Team 728,Jordan Brown,BDG-650-0728
729,Ecommerce Team 729,Drew Brown,BDG-845-0729
730,Product Team 730,Alex Smith,BDG-405-0730
731,Quality Assurance Team 731,Skyler White,BDG-657-0731
732,Field Service Team 732,Drew Moore,BDG-943-0732
733,Product Team 733,Morgan Taylor,BDG-454-0733
734,Customer Service Team 734,Casey Davis,BDG-996-0734
735,Operations Team 735,Alex Jackson,BDG-529-0735
736,Corporate Services Team 736,Alex Davis,BDG-311-0736
737,Sales Team 737,Jordan Thomas,BDG-134-0737
738,Quality Assurance Team 738,Quinn Jackson,BDG-820-0738
739,Marketing Team 739,Morgan White,BDG-145-0739
740,Ecommerce Team 740,Parker Davis,BDG-652-0740
741,HR Team 741,Alex Brown,BDG-615-0741
742,Compliance Team 742,Morgan White,BDG-689-0742
743,Dealer Support Team 743,Quinn Thomas,BDG-891-0743
744,Dealer Support Team 744,Morgan Miller,BDG-997-0744
745,Customer Service Team 745,Skyler Anderson,BDG-326-0745
746,Field Service Team 746,Casey Miller,BDG-162-0746
747,Security Team 747,Quinn White,BDG-279-0747
748,Field Service Team 748,Drew Taylor,BDG-148-0748
749,Business Intelligence Team 749,Skyler Jackson,BDG-490-0749
750,Training Team 750,Riley White,BDG-526-0750
751,Field Service Team 751,Taylor Miller,BDG-485-0751
752,Finance Team 752,Drew Taylor,BDG-346-0752
753,Product Team 753,Casey White,BDG-247-0753
754,Quality Assurance Team 754,Alex Anderson,BDG-522-0754
755,Field Service Team 755,Drew Anderson,BDG-237-0755
756,Ecommerce Team 756,Morgan Miller,BDG-308-0756
757,Dealer Support Team 757,Skyler Johnson,BDG-560-0757
758,Business Intelligence Team 758,Jordan Anderson,BDG-841-0758
759,HR Team 759,Alex Miller,BDG-486-0759
760,Corporate Services Team 760,Quinn Smith,BDG-994-0760
761,Sales Team 761,Morgan Thomas,BDG-841-0761
762,Security Team 762,Morgan Taylor,BDG-313-0762
763,Dealer Support Team 763,Casey Smith,BDG-316-0763
764,HR Team 764,Reese Johnson,BDG-864-0764
765,Supply Chain Team 765,Morgan White,BDG-718-0765
766,HR Team 766,Avery Davis,BDG-665-0766
767,Dealer Support Team 767,Casey Moore,BDG-577-0767
768,Security Team 768,Skyler Wilson,BDG-415-0768
769,Engineering Team 769,Riley Anderson,BDG-609-0769
770,Quality Assurance Team 770,Jordan White,BDG-580-0770
771,Dealer Support Team 771,Morgan Wilson,BDG-420-0771
772,Field Service Team 772,Alex Thomas,BDG-984-0772
773,Product Team 773,Reese Brown,BDG-116-0773
774,Engineering Team 774,Drew Thomas,BDG-693-0774
775,Field Service Team 775,Casey Brown,BDG-300-0775
776,Dealer Support Team 776,Morgan Moore,BDG-683-0776
777,Product Team 777,Parker Anderson,BDG-770-0777
778,Dealer Support Team 778,Casey Taylor,BDG-840-0778
779,Supply Chain Team 779,Parker Brown,BDG-850-0779
780,Business Intelligence Team 780,Taylor Brown,BDG-837-0780
781,Security Team 781,Parker Brown,BDG-655-0781
782,Marketing Team 782,Drew Smith,BDG-959-0782
783,Sales Team 783,Skyler Smith,BDG-882-0783
784,IT Team 784,Avery Brown,BDG-962-0784
785,Product Team 785,Jordan White,BDG-254-0785
786,IT Team 786,Morgan Anderson,BDG-566-0786
787,Business Intelligence Team 787,Alex Thomas,BDG-753-0787
788,Corporate Services Team 788,Parker Jackson,BDG-599-0788
789,IT Team 789,Alex Anderson,BDG-664-0789
790,Field Service Team 790,Alex Smith,BDG-642-0790
791,Engineering Team 791,Drew Miller,BDG-117-0791
792,Training Team 792,Reese Jackson,BDG-540-0792
793,Finance Team 793,Jordan Johnson,BDG-636-0793
794,Customer Service Team 794,Morgan Davis,BDG-734-0794
795,Training Team 795,Casey Wilson,BDG-373-0795
796,Ecommerce Team 796,Jordan Wilson,BDG-515-0796
797,Quality Assurance Team 797,Quinn Davis,BDG-813-0797
798,Product Team 798,Casey Jackson,BDG-947-0798
799,Sales Team 799,Skyler Jackson,BDG-877-0799
800,Marketing Team 800,Jordan Moore,BDG-488-0800
801,Ecommerce Team 801,Drew Taylor,BDG-157-0801
802,IT Team 802,Reese Brown,BDG-184-0802
803,Supply Chain Team 803,Avery Jackson,BDG-903-0803
804,Dealer Support Team 804,Quinn Johnson,BDG-640-0804
805,Marketing Team 805,Morgan Davis,BDG-988-0805
806,Data Analytics Team 806,Parker Miller,BDG-147-0806
807,Sales Team 807,Skyler Miller,BDG-656-0807
808,Data Analytics Team 808,Skyler Smith,BDG-283-0808
809,Dealer Support Team 809,Alex Davis,BDG-701-0809
810,Customer Service Team 810,Reese Moore,BDG-178-0810
811,Compliance Team 811,Taylor Thomas,BDG-346-0811
812,Data Analytics Team 812,Avery Jackson,BDG-653-0812
813,Dealer Support Team 813,Avery White,BDG-243-0813
814,Sales Team 814,Drew White,BDG-454-0814
815,Marketing Team 815,Jordan Moore,BDG-337-0815
816,Sales Team 816,Riley Thomas,BDG-887-0816
817,Corporate Services Team 817,Quinn Moore,BDG-892-0817
818,Dealer Support Team 818,Alex Jackson,BDG-379-0818
819,Quality Assurance Team 819,Parker Davis,BDG-464-0819
820,Security Team 820,Avery Moore,BDG-290-0820
821,Data Analytics Team 821,Skyler Moore,BDG-187-0821
822,Corporate Services Team 822,Casey Davis,BDG-830-0822
823,Sales Team 823,Jordan Miller,BDG-257-0823
824,Ecommerce Team 824,Reese Jackson,BDG-257-0824
825,Ecommerce Team 825,Riley Wilson,BDG-209-0825
826,Sales Team 826,Alex Miller,BDG-555-0826
827,Business Intelligence Team 827,Casey Johnson,BDG-235-0827
828,Sales Team 828,Taylor Moore,BDG-559-0828
829,Security Team 829,Drew Anderson,BDG-517-0829
830,Operations Team 830,Alex Johnson,BDG-462-0830
831,Security Team 831,Jordan Thomas,BDG-712-0831
832,Dealer Support Team 832,Avery Smith,BDG-398-0832
833,Field Service Team 833,Avery Johnson,BDG-842-0833
834,Security Team 834,Morgan Thomas,BDG-633-0834
835,Finance Team 835,Skyler Moore,BDG-273-0835
836,Customer Service Team 836,Casey Miller,BDG-374-0836
837,Supply Chain Team 837,Taylor Johnson,BDG-271-0837
838,Field Service Team 838,Casey Moore,BDG-406-0838
839,Supply Chain Team 839,Jordan Wilson,BDG-357-0839
840,Product Team 840,Reese Jackson,BDG-607-0840
841,Corporate Services Team 841,Quinn Davis,BDG-568-0841
842,Operations Team 842,Taylor Miller,BDG-106-0842
843,Ecommerce Team 843,Riley Thomas,BDG-489-0843
844,Dealer Support Team 844,Parker Wilson,BDG-540-0844
845,Corporate Services Team 845,Taylor Miller,BDG-428-0845
846,Corporate Services Team 846,Reese Davis,BDG-590-0846
847,Dealer Support Team 847,Taylor Moore,BDG-426-0847
848,Compliance Team 848,Reese White,BDG-748-0848
849,Supply Chain Team 849,Quinn Davis,BDG-433-0849
850,Ecommerce Team 850,Casey Moore,BDG-473-0850
851,Operations Team 851,Quinn Davis,BDG-706-0851
852,Security Team 852,Taylor Jackson,BDG-886-0852
853,Security Team 853,Alex White,BDG-572-0853
854,HR Team 854,Parker Miller,BDG-951-0854
855,Sales Team 855,Avery Jackson,BDG-611-0855
856,Customer Service Team 856,Skyler Miller,BDG-347-0856
857,Engineering Team 857,Skyler Brown,BDG-832-0857
858,Field Service Team 858,Avery Johnson,BDG-559-0858
859,Corporate Services Team 859,Parker Thomas,BDG-510-0859
860,Security Team 860,Drew White,BDG-528-0860
861,Security Team 861,Alex Wilson,BDG-818-0861
862,Security Team 862,Quinn Jackson,BDG-187-0862
863,Operations Team 863,Morgan Jackson,BDG-780-0863
864,Business Intelligence Team 864,Taylor Jackson,BDG-727-0864
865,Marketing Team 865,Quinn Jackson,BDG-793-0865
866,Ecommerce Team 866,Riley Moore,BDG-208-0866
867,IT Team 867,Jordan Miller,BDG-327-0867
868,Training Team 868,Reese Anderson,BDG-671-0868
869,Data Analytics Team 869,Reese Thomas,BDG-326-0869
870,Quality Assurance Team 870,Riley Moore,BDG-574-0870
871,Data Analytics Team 871,Reese Anderson,BDG-254-0871
872,Business Intelligence Team 872,Alex Taylor,BDG-207-0872
873,Compliance Team 873,Avery Johnson,BDG-218-0873
874,Customer Service Team 874,Riley Miller,BDG-451-0874
875,Quality Assurance Team 875,Morgan Anderson,BDG-594-0875
876,Business Intelligence Team 876,Parker Johnson,BDG-548-0876
877,Quality Assurance Team 877,Riley Johnson,BDG-407-0877
878,Marketing Team 878,Reese Johnson,BDG-123-0878
879,Dealer Support Team 879,Skyler Johnson,BDG-793-0879
880,Finance Team 880,Reese Davis,BDG-628-0880
881,Finance Team 881,Drew Brown,BDG-438-0881
882,Security Team 882,Avery Taylor,BDG-337-0882
883,Ecommerce Team 883,Skyler Brown,BDG-290-0883
884,Field Service Team 884,Avery Smith,BDG-855-0884
885,Corporate Services Team 885,Morgan Taylor,BDG-706-0885
886,Field Service Team 886,Avery Smith,BDG-821-0886
887,HR Team 887,Morgan Miller,BDG-870-0887
888,Sales Team 888,Quinn Johnson,BDG-918-0888
889,Security Team 889,Taylor Wilson,BDG-433-0889
890,HR Team 890,Parker Johnson,BDG-368-0890
891,Supply Chain Team 891,Drew Jackson,BDG-420-0891
892,Corporate Services Team 892,Avery Thomas,BDG-501-0892
893,Data Analytics Team 893,Jordan Wilson,BDG-460-0893
894,Quality Assurance Team 894,Quinn Brown,BDG-933-0894
895,Compliance Team 895,Quinn Thomas,BDG-186-0895
896,Customer Service Team 896,Riley Johnson,BDG-344-0896
897,Compliance Team 897,Jordan Brown,BDG-482-0897
898,Customer Service Team 898,Drew Moore,BDG-528-0898
899,Corporate Services Team 899,Taylor Thomas,BDG-492-0899
900,Field Service Team 900,Taylor Taylor,BDG-750-0900
901,Security Team 901,Reese Jackson,BDG-277-0901
902,Security Team 902,Taylor Taylor,BDG-395-0902
903,Customer Service Team 903,Taylor Wilson,BDG-962-0903
904,Quality Assurance Team 904,Quinn Smith,BDG-986-0904
905,Business Intelligence Team 905,Alex Taylor,BDG-239-0905
906,HR Team 906,Avery Anderson,BDG-617-0906
907,Supply Chain Team 907,Avery Jackson,BDG-603-0907
908,Field Service Team 908,Reese Taylor,BDG-600-0908
909,Finance Team 909,Jordan Thomas,BDG-131-0909
910,Product Team 910,Casey Smith,BDG-381-0910
911,Product Team 911,Drew Miller,BDG-272-0911
912,Quality Assurance Team 912,Quinn White,BDG-891-0912
913,Supply Chain Team 913,Drew Anderson,BDG-215-0913
914,Data Analytics Team 914,Jordan Miller,BDG-893-0914
915,Security Team 915,Riley Anderson,BDG-942-0915
916,Marketing Team 916,Reese Taylor,BDG-659-0916
917,HR Team 917,Avery Johnson,BDG-853-0917
918,Product Team 918,Casey Smith,BDG-560-0918
919,Engineering Team 919,Riley Johnson,BDG-549-0919
920,Operations Team 920,Morgan Davis,BDG-930-0920
921,Data Analytics Team 921,Reese Wilson,BDG-981-0921
922,Corporate Services Team 922,Skyler Moore,BDG-269-0922
923,Corporate Services Team 923,Taylor Davis,BDG-933-0923
924,HR Team 924,Alex Thomas,BDG-459-0924
925,Security Team 925,Casey Thomas,BDG-651-0925
926,Finance Team 926,Riley White,BDG-399-0926
927,Compliance Team 927,Quinn Miller,BDG-978-0927
928,Training Team 928,Skyler Johnson,BDG-238-0928
929,Field Service Team 929,Alex Miller,BDG-987-0929
930,Customer Service Team 930,Reese Brown,BDG-355-0930
931,Customer Service Team 931,Reese Wilson,BDG-948-0931
932,Product Team 932,Skyler Moore,BDG-601-0932
933,Customer Service Team 933,Quinn Jackson,BDG-375-0933
934,Field Service Team 934,Avery Taylor,BDG-177-0934
935,Sales Team 935,Avery Anderson,BDG-867-0935
936,Engineering Team 936,Reese Wilson,BDG-565-0936
937,Supply Chain Team 937,Riley Thomas,BDG-102-0937
938,Sales Team 938,Reese Taylor,BDG-750-0938
939,Business Intelligence Team 939,Jordan Anderson,BDG-507-0939
940,HR Team 940,Avery Davis,BDG-606-0940
941,Engineering Team 941,Riley Miller,BDG-445-0941
942,Security Team 942,Quinn Brown,BDG-679-0942
943,Supply Chain Team 943,Riley Jackson,BDG-880-0943
944,Marketing Team 944,Alex Johnson,BDG-741-0944
945,Quality Assurance Team 945,Alex Johnson,BDG-978-0945
946,Finance Team 946,Parker Taylor,BDG-100-0946
947,Field Service Team 947,Morgan White,BDG-235-0947
948,Compliance Team 948,Taylor Miller,BDG-195-0948
949,Business Intelligence Team 949,Casey Johnson,BDG-480-0949
950,Finance Team 950,Alex Moore,BDG-740-0950
951,Compliance Team 951,Reese White,BDG-873-0951
952,Product Team 952,Avery Jackson,BDG-193-0952
953,Operations Team 953,Alex Davis,BDG-588-0953
954,Sales Team 954,Taylor Thomas,BDG-331-0954
955,Training Team 955,Skyler Taylor,BDG-109-0955
956,IT Team 956,Reese Wilson,BDG-936-0956
957,Operations Team 957,Avery White,BDG-235-0957
958,Supply Chain Team 958,Jordan Davis,BDG-492-0958
959,Sales Team 959,Reese Johnson,BDG-205-0959
960,Dealer Support Team 960,Riley Miller,BDG-240-0960
961,Ecommerce Team 961,Taylor Jackson,BDG-793-0961
962,Customer Service Team 962,Jordan Anderson,BDG-676-0962
963,IT Team 963,Quinn Jackson,BDG-268-0963
964,Quality Assurance Team 964,Riley White,BDG-318-0964
965,Customer Service Team 965,Avery Thomas,BDG-803-0965
966,Quality Assurance Team 966,Morgan Johnson,BDG-202-0966
967,Customer Service Team 967,Jordan Thomas,BDG-847-0967
968,Ecommerce Team 968,Riley Moore,BDG-422-0968
969,Customer Service Team 969,Morgan Miller,BDG-760-0969
970,Sales Team 970,Morgan Anderson,BDG-715-0970
971,Corporate Services Team 971,Reese Thomas,BDG-391-0971
972,IT Team 972,Skyler Miller,BDG-310-0972
973,Training Team 973,Quinn Anderson,BDG-293-0973
974,Ecommerce Team 974,Casey Jackson,BDG-155-0974
975,Product Team 975,Parker Moore,BDG-215-0975
976,Product Team 976,Parker Jackson,BDG-708-0976
977,Sales Team 977,Drew Smith,BDG-469-0977
978,Dealer Support Team 978,Taylor Moore,BDG-981-0978
979,Data Analytics Team 979,Avery Wilson,BDG-659-0979
980,Finance Team 980,Parker Johnson,BDG-117-0980
981,Data Analytics Team 981,Jordan Smith,BDG-368-0981
982,HR Team 982,Alex Smith,BDG-908-0982
983,Ecommerce Team 983,Drew Miller,BDG-743-0983
984,Training Team 984,Avery Moore,BDG-818-0984
985,Ecommerce Team 985,Jordan Jackson,BDG-649-0985
986,Security Team 986,Quinn Brown,BDG-384-0986
987,Sales Team 987,Casey Johnson,BDG-623-0987
988,HR Team 988,Taylor Anderson,BDG-434-0988
989,Ecommerce Team 989,Quinn Jackson,BDG-881-0989
990,Sales Team 990,Casey White,BDG-547-0990
991,Product Team 991,Alex Davis,BDG-188-0991
992,Field Service Team 992,Jordan Taylor,BDG-726-0992
993,Corporate Services Team 993,Alex Miller,BDG-782-0993
994,Finance Team 994,Jordan Smith,BDG-824-0994
995,Customer Service Team 995,Reese Smith,BDG-267-0995
996,Supply Chain Team 996,Riley Anderson,BDG-629-0996
997,Engineering Team 997,Taylor Wilson,BDG-229-0997
998,Engineering Team 998,Reese Johnson,BDG-889-0998
999,IT Team 999,Riley Moore,BDG-378-0999
1000,Training Team 1000,Jordan Miller,BDG-829-1000
